model,accuracy,precision,recall,time_ms
LogisticRegression,0.8,0.7959183673469388,1.0,67.01
NaiveBayes,0.825,0.9060402684563759,0.8653846153846154,8.0
SVM,0.845,0.8342245989304813,1.0,15.0
